#UserInput	Acc	GN	UniProtID	Mutation	AlnPos	HMMpos	Region	PredAD	PredRN
O14965/K162R	O14965	AURKA	AURKA_HUMAN	K162R	59	Conserved-Lys-N-term	0.216	0.221
Q8IWQ3/K48M	Q8IWQ3	BRSK2	BRSK2_HUMAN	K48M	59	Conserved-Lys-N-term	0.161	0.264
Q8IWQ3/T260A	Q8IWQ3	BRSK2	BRSK2_HUMAN	T260A	338	Kinase-domain	0.243	0.363
P24941/K9F	P24941	CDK2	CDK2_HUMAN	K9F	35	Kinase-domain	0.404	0.589
P50750/S175D	P50750	CDK9	CDK9_HUMAN	S175D	196	Activation-loop	0.738	0.425
Q16832/L610P	Q16832	DDR2	DDR2_HUMAN	L610P	61	Kinase-domain	0.352	0.536
Q16832/Y740C	Q16832	DDR2	DDR2_HUMAN	Y740C	200	Activation-loop	0.451	0.608
P22607/K650L	P22607	FGFR3	FGFR3_HUMAN	K650L	207	Activation-loop	0.441	0.477
P22607/K650D	P22607	FGFR3	FGFR3_HUMAN	K650D	207	Activation-loop	0.437	0.404
P22607/K650E	P22607	FGFR3	FGFR3_HUMAN	K650E	207	Activation-loop	0.427	0.409
P29317/K646M	P29317	EPHA2	EPHA2_HUMAN	K646M	59	Conserved-Lys-N-term	0.199	0.459
Q15303/I947R	Q15303	ERBB4	ERBB4_HUMAN	I947R	319	Kinase-domain	0.542	0.384
Q15303/R927Q	Q15303	ERBB4	ERBB4_HUMAN	R927Q	262	Kinase-domain	0.705	0.199
Q15303/M766R	Q15303	ERBB4	ERBB4_HUMAN	M766R	77	Kinase-domain	0.524	0.572
Q15303/D843N	Q15303	ERBB4	ERBB4_HUMAN	D843N	166	HrD-motif	0.488	0.406
Q15303/D861Y	Q15303	ERBB4	ERBB4_HUMAN	D861Y	188	DFG-motif;Activation-loop	0.287	0.548
Q15303/L864R	Q15303	ERBB4	ERBB4_HUMAN	L864R	191	Activation-loop	0.422	0.635
P21802/K659N	P21802	FGFR2	FGFR2_HUMAN	K659N	207	Activation-loop	0.396	0.268
O15111/K44A	O15111	CHUK	IKKA_HUMAN	K44A	59	Conserved-Lys-N-term	0.136	0.306
O15111/K44M	O15111	CHUK	IKKA_HUMAN	K44M	59	Conserved-Lys-N-term	0.192	0.368
O15111/S176A	O15111	CHUK	IKKA_HUMAN	S176A	199	Activation-loop	0.351	0.585
O14920/D166A	O14920	IKBKB	IKKB_HUMAN	D166A	188	DFG-motif;Activation-loop	0.21	0.527
P23458/K908A	P23458	JAK1	JAK1_HUMAN	K908A	59	Kinase-domain	0.106	0.351
P52333/C759R	P52333	JAK3	JAK3_HUMAN	C759R	328	Kinase-domain	0.242	0.433
P52333/K855A	P52333	JAK3	JAK3_HUMAN	K855A	59	Kinase-domain	0.1	0.361
P52333/Y904F	P52333	JAK3	JAK3_HUMAN	Y904F	116	Kinase-domain	0.735	0.592
P52333/Y939F	P52333	JAK3	JAK3_HUMAN	Y939F	155	Kinase-domain	0.626	0.449
P10721/E839K	P10721	KIT	KIT_HUMAN	E839K	221	APE-motif	0.316	0.402
P08581/H1094L	P08581	MET	MET_HUMAN	H1094L	46	Kinase-domain	0.578	0.447
P08581/H1094Y	P08581	MET	MET_HUMAN	H1094Y	46	Kinase-domain	0.636	0.29
P08581/H1106D	P08581	MET	MET_HUMAN	H1106D	55	Kinase-domain	0.63	0.376
P08581/V1092I	P08581	MET	MET_HUMAN	V1092I	44	Kinase-domain	0.701	0.382
P08581/Y1230D	P08581	MET	MET_HUMAN	Y1230D	196	Activation-loop	0.713	0.691
P53671/T505V	P53671	LIMK2	LIMK2_HUMAN	T505V	210	Activation-loop	0.426	0.523
Q5S007/D1994A	Q5S007	LRRK2	LRRK2_HUMAN	D1994A	166	HrD-motif	0.199	0.376
P29376/E763K	P29376	LTK	LTK_HUMAN	E763K	332	Kinase-domain	0.591	0.173
P29376/G750E	P29376	LTK	LTK_HUMAN	G750E	319	Kinase-domain	0.662	0.319
P29376/K544M	P29376	LTK	LTK_HUMAN	K544M	59	Conserved-Lys-N-term	0.113	0.347
Q02750/M219V	Q02750	MAP2K1	MP2K1_HUMAN	M219V	199	Activation-loop	0.749	0.451
Q02750/N221Y	Q02750	MAP2K1	MP2K1_HUMAN	N221Y	209	Activation-loop	0.56	0.574
P53778/Y185F	P53778	MAPK12	MK12_HUMAN	Y185F	211	Activation-loop	0.496	0.523
Q5VT25/K106A	Q5VT25	CDC42BPA	MRCKA_HUMAN	K106A	59	Conserved-Lys-N-term	0.092	0.258
P51955/K37R	P51955	NEK2	NEK2_HUMAN	K37R	59	Conserved-Lys-N-term	0.216	0.213
P51955/D141A	P51955	NEK2	NEK2_HUMAN	D141A	166	HrD-motif	0.184	0.338
P51955/T179A	P51955	NEK2	NEK2_HUMAN	T179A	214	Activation-loop	0.296	0.139
P51955/T179E	P51955	NEK2	NEK2_HUMAN	T179E	214	Activation-loop	0.399	0.283
P51955/S241A	P51955	NEK2	NEK2_HUMAN	S241A	318	Kinase-domain	0.352	0.137
P51955/S241D	P51955	NEK2	NEK2_HUMAN	S241D	318	Kinase-domain	0.574	0.254
Q8TD19/I167T	Q8TD19	NEK9	NEK9_HUMAN	I167T	156	Kinase-domain	0.415	0.153
Q8TD19/K81M	Q8TD19	NEK9	NEK9_HUMAN	K81M	59	Conserved-Lys-N-term	0.162	0.277
Q8TD19/T210A	Q8TD19	NEK9	NEK9_HUMAN	T210A	210	Activation-loop	0.216	0.459
Q13153/D393A	Q13153	PAK1	PAK1_HUMAN	D393A	170	Kinase-domain	0.621	0.562
Q96RG2/K1028R	Q96RG2	PASK	PASK_HUMAN	K1028R	59	Conserved-Lys-N-term	0.132	0.283
Q96RG2/T1161A	Q96RG2	PASK	PASK_HUMAN	T1161A	210	Activation-loop	0.317	0.375
Q96RG2/T1165A	Q96RG2	PASK	PASK_HUMAN	T1165A	214	Activation-loop	0.266	0.324
O00444/K41M	O00444	PLK4	PLK4_HUMAN	K41M	59	Conserved-Lys-N-term	0.163	0.264
P04049/R563K	P04049	RAF1	RAF1_HUMAN	R563K	271	Kinase-domain	0.587	0.245
P07949/G894S	P07949	RET	RET_HUMAN	G894S	190	DFG-motif;Activation-loop	0.341	0.466
P07949/V778I	P07949	RET	RET_HUMAN	V778I	82	Kinase-domain	0.724	0.659
Q02763/L914F	Q02763	TEK	TIE2_HUMAN	L914F	126	Kinase-domain	0.445	0.52
Q02763/R915C	Q02763	TEK	TIE2_HUMAN	R915C	127	Kinase-domain	0.333	0.184
Q02763/Y897H	Q02763	TEK	TIE2_HUMAN	Y897H	109	Kinase-domain	0.581	0.524
Q02763/K855R	Q02763	TEK	TIE2_HUMAN	K855R	59	Conserved-Lys-N-term	0.228	0.223
Q86UE8/S617A	Q86UE8	TLK2	TLK2_HUMAN	S617A	192	Activation-loop	0.472	0.467
Q86UE8/D592V	Q86UE8	TLK2	TLK2_HUMAN	D592V	166	HrD-motif	0.259	0.391
Q86UE8/D613A	Q86UE8	TLK2	TLK2_HUMAN	D613A	188	DFG-motif;Activation-loop	0.219	0.528
Q86UE8/S617D	Q86UE8	TLK2	TLK2_HUMAN	S617D	192	Activation-loop	0.572	0.49
Q86UE8/R720A	Q86UE8	TLK2	TLK2_HUMAN	R720A	327	Kinase-domain	0.441	0.145
Q9BXA7/T174A	Q9BXA7	TSSK1B	TSSK1_HUMAN	T174A	210	Activation-loop	0.254	0.345
P17948/Y914F	P17948	FLT1	VGFR1_HUMAN	Y914F	119	Kinase-domain	0.646	0.267
P35968/K868M	P35968	KDR	VGFR2_HUMAN	K868M	59	Conserved-Lys-N-term	0.147	0.369
P35968/Y996F	P35968	KDR	VGFR2_HUMAN	Y996F	132	-	0.465	0.6
P31749/T305Y	P31749	AKT1	AKT1_HUMAN	T305Y	207	Activation-loop	0.443	0.6
P31749/T312Y	P31749	AKT1	AKT1_HUMAN	T312Y	214	Activation-loop	0.249	0.424
Q13873/D485G	Q13873	BMPR2	BMPR2_HUMAN	D485G	330	Kinase-domain	0.352	0.401
Q8TDC3/K59A	Q8TDC3	BRSK1	BRSK1_HUMAN	K59A	55	Kinase-domain	0.39	0.364
Q06187/K430E	Q06187	BTK	BTK_HUMAN	K430E	59	Conserved-Lys-N-term	0.205	0.488
Q06187/Y551F	Q06187	BTK	BTK_HUMAN	Y551F	208	Activation-loop	0.547	0.506
Q00536/K194R	Q00536	CDK16	CDK16_HUMAN	K194R	59	Conserved-Lys-N-term	0.221	0.419
P50613/K41A	P50613	CDK7	CDK7_HUMAN	K41A	59	Conserved-Lys-N-term	0.069	0.386
P50613/T170A	P50613	CDK7	CDK7_HUMAN	T170A	209	Activation-loop	0.232	0.515
O96017/D347A	O96017	CHEK2	CHK2_HUMAN	D347A	166	HrD-motif	0.193	0.333
O96017/T383A	O96017	CHEK2	CHK2_HUMAN	T383A	210	Activation-loop	0.184	0.472
O96017/T387A	O96017	CHEK2	CHK2_HUMAN	T387A	214	Activation-loop	0.297	0.285
P41240/S364A	P41240	CSK	CSK_HUMAN	S364A	234	Kinase-domain	0.325	0.429
O43293/D161A	O43293	DAPK3	DAPK3_HUMAN	D161A	188	DFG-motif;Activation-loop	0.167	0.482
Q09013/K100A	Q09013	DMPK	DMPK_HUMAN	K100A	59	Conserved-Lys-N-term	0.077	0.277
Q9NR20/K133R	Q9NR20	DYRK4	DYRK4_HUMAN	K133R	59	Conserved-Lys-N-term	0.202	0.376
P19525/K296R	P19525	EIF2AK2	E2AK2_HUMAN	K296R	59	Conserved-Lys-N-term	0.143	0.348
P19525/T451A	P19525	EIF2AK2	E2AK2_HUMAN	T451A	214	Activation-loop	0.257	0.354
P22455/K503R	P22455	FGFR4	FGFR4_HUMAN	K503R	59	Conserved-Lys-N-term	0.202	0.322
P11362/K514A	P11362	FGFR1	FGFR1_HUMAN	K514A	59	Conserved-Lys-N-term	0.138	0.356
P11362/D623A	P11362	FGFR1	FGFR1_HUMAN	D623A	166	HrD-motif	0.251	0.416
P08631/K290E	P08631	HCK	HCK_HUMAN	K290E	59	Conserved-Lys-N-term	0.212	0.491
P08631/E305A	P08631	HCK	HCK_HUMAN	E305A	79	Kinase-domain	0.205	0.537
P08631/D381E	P08631	HCK	HCK_HUMAN	D381E	166	HrD-motif	0.374	0.446
Q86Z02/K219A	Q86Z02	HIPK1	HIPK1_HUMAN	K219A	59	Conserved-Lys-N-term	0.107	0.355
P08069/R1256S	P08069	IGF1R	IGF1R_HUMAN	R1256S	336	Kinase-domain	0.308	0.189
Q14164/K38A	Q14164	IKBKE	IKKE_HUMAN	K38A	59	Conserved-Lys-N-term	0.104	0.34
P06213/D1159N	P06213	INSR	INSR_HUMAN	D1159N	166	HrD-motif	0.421	0.437
P06213/R1163Q	P06213	INSR	INSR_HUMAN	R1163Q	170	Kinase-domain	0.587	0.133
P49674/K38R	P49674	CSNK1E	KC1E_HUMAN	K38R	59	Conserved-Lys-N-term	0.358	0.188
Q14012/T177A	Q14012	CAMK1	KCC1A_HUMAN	T177A	210	Activation-loop	0.181	0.469
Q8IU85/T180A	Q8IU85	CAMK1D	KCC1D_HUMAN	T180A	210	Activation-loop	0.186	0.482
Q15139/K612W	Q15139	PRKD1	KPCD1_HUMAN	K612W	59	Conserved-Lys-N-term	0.191	0.335
Q9BZL6/D695A	Q9BZL6	PRKD2	KPCD2_HUMAN	D695A	188	DFG-motif;Activation-loop	0.205	0.517
Q02156/T566A	Q02156	PRKCE	KPCE_HUMAN	T566A	210	Activation-loop	0.192	0.47
O75582/D195A	O75582	RPS6KA5	KS6A5_HUMAN	D195A	188	DFG-motif;Activation-loop	0.284	0.487
O75582/D565A	O75582	RPS6KA5	KS6A5_HUMAN	D565A	188	Kinase-domain	0.16	0.485
O75582/T581A	O75582	RPS6KA5	KS6A5_HUMAN	T581A	210	Activation-loop	0.234	0.384
P07948/K275L	P07948	LYN	LYN_HUMAN	K275L	59	Conserved-Lys-N-term	0.148	0.4
Q9NYL2/K45M	Q9NYL2	MAP3K20	M3K20_HUMAN	K45M	59	Conserved-Lys-N-term	0.131	0.359
Q99683/K709M	Q99683	MAP3K5	M3K5_HUMAN	K709M	59	Conserved-Lys-N-term	0.116	0.367
P80192/K171A	P80192	MAP3K9	M3K9_HUMAN	K171A	59	Conserved-Lys-N-term	0.152	0.392
P20794/G13S	P20794	MAK	MAK_HUMAN	G13S	39	Gly-rich-loop	0.228	0.425
P20794/N130H	P20794	MAK	MAK_HUMAN	N130H	171	Kinase-domain	0.301	0.356
P20794/K33R	P20794	MAK	MAK_HUMAN	K33R	59	Conserved-Lys-N-term	0.188	0.405
O15264/T180A	O15264	MAPK13	MK13_HUMAN	T180A	209	Activation-loop	0.223	0.528
O15264/Y182A	O15264	MAPK13	MK13_HUMAN	Y182A	211	Activation-loop	0.344	0.603
Q16539/K53R	Q16539	MAPK14	MK14_HUMAN	K53R	59	Conserved-Lys-N-term	0.236	0.516
Q16539/K54R	Q16539	MAPK14	MK14_HUMAN	K54R	60	Kinase-domain	0.574	0.468
Q16539/D168A	Q16539	MAPK14	MK14_HUMAN	D168A	188	DFG-motif;Activation-loop	0.231	0.561
Q16539/D177A	Q16539	MAPK14	MK14_HUMAN	D177A	197	Activation-loop	0.469	0.521
Q16539/T180E	Q16539	MAPK14	MK14_HUMAN	T180E	209	Activation-loop	0.647	0.523
Q16539/Y182F	Q16539	MAPK14	MK14_HUMAN	Y182F	211	Activation-loop	0.507	0.499
Q9HBH9/D228G	Q9HBH9	MKNK2	MKNK2_HUMAN	D228G	190	DFG-motif;Activation-loop	0.756	0.503
O15146/M605I	O15146	MUSK	MUSK_HUMAN	M605I	55	Kinase-domain	0.629	0.369
O15146/A727V	O15146	MUSK	MUSK_HUMAN	A727V	168	Kinase-domain	0.295	0.262
O15146/V790M	O15146	MUSK	MUSK_HUMAN	V790M	244	Kinase-domain	0.375	0.389
O15146/K609R	O15146	MUSK	MUSK_HUMAN	K609R	59	Conserved-Lys-N-term	0.204	0.268
O95747/K46M	O95747	OXSR1	OXSR1_HUMAN	K46M	59	Conserved-Lys-N-term	0.113	0.382
Q9BXM7/T313M	Q9BXM7	PINK1	PINK1_HUMAN	T313M	109	Kinase-domain	0.501	0.444
Q16512/K644R	Q16512	PKN1	PKN1_HUMAN	K644R	59	Kinase-domain	0.149	0.261
Q6P5Z2/T718A	Q6P5Z2	PKN3	PKN3_HUMAN	T718A	210	Activation-loop	0.245	0.39
Q99640/N238A	Q99640	PKMYT1	PMYT1_HUMAN	N238A	171	Kinase-domain	0.29	0.296
Q99640/D251A	Q99640	PKMYT1	PMYT1_HUMAN	D251A	188	DFG-motif;Activation-loop	0.194	0.545
P51817/K78R	P51817	PRKX	PRKX_HUMAN	K78R	59	Conserved-Lys-N-term	0.128	0.296
Q13546/S25D	Q13546	RIPK1	RIPK1_HUMAN	S25D	38	Gly-rich-loop	0.682	0.655
P57078/I121N	P57078	RIPK4	RIPK4_HUMAN	I121N	145	Kinase-domain	0.285	0.364
P57078/T184I	P57078	RIPK4	RIPK4_HUMAN	T184I	214	Activation-loop	0.262	0.238
Q05823/K392R	Q05823	RNASEL	RN5A_HUMAN	K392R	59	Conserved-Lys-N-term	0.216	0.255
P57059/K56M	P57059	SIK1	SIK1_HUMAN	K56M	59	Conserved-Lys-N-term	0.163	0.258
P12931/Y419F	P12931	SRC	SRC_HUMAN	Y419F	200	Activation-loop	0.486	0.485
Q15831/D176Y	Q15831	STK11	STK11_HUMAN	D176Y	166	HrD-motif	0.234	0.405
Q15831/T189A	Q15831	STK11	STK11_HUMAN	T189A	180	Kinase-domain	0.394	0.266
Q15831/D194A	Q15831	STK11	STK11_HUMAN	D194A	188	DFG-motif;Activation-loop	0.162	0.482
Q13188/K56R	Q13188	STK3	STK3_HUMAN	K56R	59	Conserved-Lys-N-term	0.214	0.37
Q7L7X3/D169A	Q7L7X3	TAOK1	TAOK1_HUMAN	D169A	188	DFG-motif;Activation-loop	0.164	0.545
Q9UHD2/R47H	Q9UHD2	TBK1	TBK1_HUMAN	R47H	68	Kinase-domain	0.588	0.2
Q9UHD2/G159A	Q9UHD2	TBK1	TBK1_HUMAN	G159A	190	DFG-motif;Activation-loop	0.338	0.481
Q9UHD2/K38A	Q9UHD2	TBK1	TBK1_HUMAN	K38A	59	Conserved-Lys-N-term	0.104	0.343
Q9UHD2/D135N	Q9UHD2	TBK1	TBK1_HUMAN	D135N	166	HrD-motif	0.432	0.408
Q59H18/G526D	Q59H18	TNNI3K	TNI3K_HUMAN	G526D	97	Kinase-domain	0.521	0.51
P29597/K930R	P29597	TYK2	TYK2_HUMAN	K930R	59	Kinase-domain	0.201	0.31
P29597/D1023N	P29597	TYK2	TYK2_HUMAN	D1023N	166	HrD-motif	0.435	0.287
Q6PHR2/K139R	Q6PHR2	ULK3	ULK3_HUMAN	K139R	168	Kinase-domain	0.356	0.175
P35916/A855T	P35916	FLT4	VGFR3_HUMAN	A855T	40	Gly-rich-loop	0.588	0.504
P35916/G857R	P35916	FLT4	VGFR3_HUMAN	G857R	42	Gly-rich-loop	0.312	0.504
P35916/H1035R	P35916	FLT4	VGFR3_HUMAN	H1035R	164	Kinase-domain	0.267	0.271
P35916/R1041P	P35916	FLT4	VGFR3_HUMAN	R1041P	170	Kinase-domain	0.26	0.248
P35916/L1044P	P35916	FLT4	VGFR3_HUMAN	L1044P	173	Kinase-domain	0.26	0.422
P35916/P1114L	P35916	FLT4	VGFR3_HUMAN	P1114L	255	Kinase-domain	0.261	0.422
P0C1S8/D234H	P0C1S8	WEE2	WEE2_HUMAN	D234H	52	Kinase-domain	0.405	0.513
